"STATION","NAME","DATE","PRCP","TAVG","TMAX","TMIN"
"CIM00085574","ARTURO MERINO BENITEZ INTERNATIONAL, CI","2017-01-01",,"71",,
"CIM00085574","ARTURO MERINO BENITEZ INTERNATIONAL, CI","2017-01-02",,"75",,
"CIM00085574","ARTURO MERINO BENITEZ INTERNATIONAL, CI","2017-01-03",,"71",,
"CIM00085574","ARTURO MERINO BENITEZ INTERNATIONAL, CI","2017-01-04",,"70",,
"CIM00085574","ARTURO MERINO BENITEZ INTERNATIONAL, CI","2017-01-05",,"74",,
"CIM00085574","ARTURO MERINO BENITEZ INTERNATIONAL, CI","2017-01-06",,"72",,
"CIM00085574","ARTURO MERINO BENITEZ INTERNATIONAL, CI","2017-01-07",,"74",,
"CIM00085574","ARTURO MERINO BENITEZ INTERNATIONAL, CI","2017-01-08",,"74",,
"CIM00085574","ARTURO MERINO BENITEZ INTERNATIONAL, CI","2017-01-09",,"71",,
"CIM00085574","ARTURO MERINO BENITEZ INTERNATIONAL, CI","2017-01-10","0.00","74","87","62"
"CIM00085574","ARTURO MERINO BENITEZ INTERNATIONAL, CI","2017-01-11",,"75",,
"CIM00085574","ARTURO MERINO BENITEZ INTERNATIONAL, CI","2017-01-12",,"78",,
"CIM00085574","ARTURO MERINO BENITEZ INTERNATIONAL, CI","2017-01-13","0.00","80",,"63"
"CIM00085574","ARTURO MERINO BENITEZ INTERNATIONAL, CI","2017-01-14","0.00","78","95","62"
"CIM00085574","ARTURO MERINO BENITEZ INTERNATIONAL, CI","2017-01-15","0.00","72","91","55"
"CIM00085574","ARTURO MERINO BENITEZ INTERNATIONAL, CI","2017-01-16","0.00","72","88","55"
"CIM00085574","ARTURO MERINO BENITEZ INTERNATIONAL, CI","2017-01-17","0.00","76",,"58"
"CIM00085574","ARTURO MERINO BENITEZ INTERNATIONAL, CI","2017-01-18","0.00","80",,"61"
"CIM00085574","ARTURO MERINO BENITEZ INTERNATIONAL, CI","2017-01-19","0.00","78","96","59"
"CIM00085574","ARTURO MERINO BENITEZ INTERNATIONAL, CI","2017-01-20","0.00","80",,"62"
"CIM00085574","ARTURO MERINO BENITEZ INTERNATIONAL, CI","2017-01-21","0.00","79","100","62"
"CIM00085574","ARTURO MERINO BENITEZ INTERNATIONAL, CI","2017-01-22","0.00","74","95","61"
"CIM00085574","ARTURO MERINO BENITEZ INTERNATIONAL, CI","2017-01-23","0.00","74",,"62"
"CIM00085574","ARTURO MERINO BENITEZ INTERNATIONAL, CI","2017-01-24","0.00","76",,"60"
"CIM00085574","ARTURO MERINO BENITEZ INTERNATIONAL, CI","2017-01-25","0.00","81",,"63"
"CIM00085574","ARTURO MERINO BENITEZ INTERNATIONAL, CI","2017-01-26","0.00","80","99","66"
"CIM00085574","ARTURO MERINO BENITEZ INTERNATIONAL, CI","2017-01-27","0.00","79","92","65"
"CIM00085574","ARTURO MERINO BENITEZ INTERNATIONAL, CI","2017-01-28","0.00","76","93","65"
"CIM00085574","ARTURO MERINO BENITEZ INTERNATIONAL, CI","2017-01-29","0.00","77",,"64"
"CIM00085574","ARTURO MERINO BENITEZ INTERNATIONAL, CI","2017-01-30","0.00","76","93",
"CIM00085574","ARTURO MERINO BENITEZ INTERNATIONAL, CI","2017-01-31","0.00","77","92","59"
"CIM00085574","ARTURO MERINO BENITEZ INTERNATIONAL, CI","2017-02-01","0.00","74","93","58"
"CIM00085574","ARTURO MERINO BENITEZ INTERNATIONAL, CI","2017-02-02","0.00","70","90","57"
"CIM00085574","ARTURO MERINO BENITEZ INTERNATIONAL, CI","2017-02-03","0.00","63","86",
"CIM00085574","ARTURO MERINO BENITEZ INTERNATIONAL, CI","2017-02-04","0.00","66",,
"CIM00085574","ARTURO MERINO BENITEZ INTERNATIONAL, CI","2017-02-05","0.00","71",,"55"
"CIM00085574","ARTURO MERINO BENITEZ INTERNATIONAL, CI","2017-02-06","0.00","75","92","58"
"CIM00085574","ARTURO MERINO BENITEZ INTERNATIONAL, CI","2017-02-07","0.00","71","90","56"
"CIM00085574","ARTURO MERINO BENITEZ INTERNATIONAL, CI","2017-02-08","0.00","64","87","52"
"CIM00085574","ARTURO MERINO BENITEZ INTERNATIONAL, CI","2017-02-09","0.00","67",,"51"
"CIM00085574","ARTURO MERINO BENITEZ INTERNATIONAL, CI","2017-02-10","0.00","72",,"60"
"CIM00085574","ARTURO MERINO BENITEZ INTERNATIONAL, CI","2017-02-11","0.00","71",,"53"
"CIM00085574","ARTURO MERINO BENITEZ INTERNATIONAL, CI","2017-02-12","0.00","74",,"55"
"CIM00085574","ARTURO MERINO BENITEZ INTERNATIONAL, CI","2017-02-13","0.00","73","92","57"
"CIM00085574","ARTURO MERINO BENITEZ INTERNATIONAL, CI","2017-02-14","0.00","70","89","57"
"CIM00085574","ARTURO MERINO BENITEZ INTERNATIONAL, CI","2017-02-15","0.00","71",,"58"
"CIM00085574","ARTURO MERINO BENITEZ INTERNATIONAL, CI","2017-02-16","0.00","69","88","57"
"CIM00085574","ARTURO MERINO BENITEZ INTERNATIONAL, CI","2017-02-17","0.00","67","86","55"
"CIM00085574","ARTURO MERINO BENITEZ INTERNATIONAL, CI","2017-02-18","0.00","68",,"53"
"CIM00085574","ARTURO MERINO BENITEZ INTERNATIONAL, CI","2017-02-19","0.00","73",,"54"
"CIM00085574","ARTURO MERINO BENITEZ INTERNATIONAL, CI","2017-02-20","0.00","77",,"60"
"CIM00085574","ARTURO MERINO BENITEZ INTERNATIONAL, CI","2017-02-21","0.00","77","94","60"
"CIM00085574","ARTURO MERINO BENITEZ INTERNATIONAL, CI","2017-02-22","0.00","78","95","64"
"CIM00085574","ARTURO MERINO BENITEZ INTERNATIONAL, CI","2017-02-23","0.00","75","90","63"
"CIM00085574","ARTURO MERINO BENITEZ INTERNATIONAL, CI","2017-02-24","0.00","76","90","63"
"CIM00085574","ARTURO MERINO BENITEZ INTERNATIONAL, CI","2017-02-25","0.00","77","91","67"
"CIM00085574","ARTURO MERINO BENITEZ INTERNATIONAL, CI","2017-02-26","0.00","75","90","67"
"CIM00085574","ARTURO MERINO BENITEZ INTERNATIONAL, CI","2017-02-27","0.00","75","89","63"
"CIM00085574","ARTURO MERINO BENITEZ INTERNATIONAL, CI","2017-02-28","0.00","74",,
"CIM00085574","ARTURO MERINO BENITEZ INTERNATIONAL, CI","2017-03-01","0.00","72","89","60"
"CIM00085574","ARTURO MERINO BENITEZ INTERNATIONAL, CI","2017-03-02","0.00","70","86",
"CIM00085574","ARTURO MERINO BENITEZ INTERNATIONAL, CI","2017-03-03","0.00","71","83",
"CIM00085574","ARTURO MERINO BENITEZ INTERNATIONAL, CI","2017-03-04","0.00","67","83","53"
"CIM00085574","ARTURO MERINO BENITEZ INTERNATIONAL, CI","2017-03-05","0.00","70",,
"CIM00085574","ARTURO MERINO BENITEZ INTERNATIONAL, CI","2017-03-06","0.00","72",,"54"
"CIM00085574","ARTURO MERINO BENITEZ INTERNATIONAL, CI","2017-03-07","0.00","73","91","56"
"CIM00085574","ARTURO MERINO BENITEZ INTERNATIONAL, CI","2017-03-08","0.00","68","87","50"
"CIM00085574","ARTURO MERINO BENITEZ INTERNATIONAL, CI","2017-03-09","0.00","66","81","54"
"CIM00085574","ARTURO MERINO BENITEZ INTERNATIONAL, CI","2017-03-10","0.00","67",,"51"
"CIM00085574","ARTURO MERINO BENITEZ INTERNATIONAL, CI","2017-03-11","0.00","66","84","49"
"CIM00085574","ARTURO MERINO BENITEZ INTERNATIONAL, CI","2017-03-12","0.00","70",,"47"
"CIM00085574","ARTURO MERINO BENITEZ INTERNATIONAL, CI","2017-03-13","0.00","71","94","50"
"CIM00085574","ARTURO MERINO BENITEZ INTERNATIONAL, CI","2017-03-14","0.00","65","89",
"CIM00085574","ARTURO MERINO BENITEZ INTERNATIONAL, CI","2017-03-15","0.00","67",,"50"
"CIM00085574","ARTURO MERINO BENITEZ INTERNATIONAL, CI","2017-03-16","0.00","69","85","54"
"CIM00085574","ARTURO MERINO BENITEZ INTERNATIONAL, CI","2017-03-17","0.00","68","86","53"
"CIM00085574","ARTURO MERINO BENITEZ INTERNATIONAL, CI","2017-03-18","0.00","70",,"55"
"CIM00085574","ARTURO MERINO BENITEZ INTERNATIONAL, CI","2017-03-19","0.00","69","90","56"
"CIM00085574","ARTURO MERINO BENITEZ INTERNATIONAL, CI","2017-03-20","0.00","67","85","54"
"CIM00085574","ARTURO MERINO BENITEZ INTERNATIONAL, CI","2017-03-21","0.00","69",,"53"
"CIM00085574","ARTURO MERINO BENITEZ INTERNATIONAL, CI","2017-03-22","0.00","66","86","52"
"CIM00085574","ARTURO MERINO BENITEZ INTERNATIONAL, CI","2017-03-23","0.00","65","81","51"
"CIM00085574","ARTURO MERINO BENITEZ INTERNATIONAL, CI","2017-03-24","0.00","60","78","55"
"CIM00085574","ARTURO MERINO BENITEZ INTERNATIONAL, CI","2017-03-25","0.00","66",,
"CIM00085574","ARTURO MERINO BENITEZ INTERNATIONAL, CI","2017-03-26","0.00","63","78","49"
"CIM00085574","ARTURO MERINO BENITEZ INTERNATIONAL, CI","2017-03-27","0.00","66",,
"CIM00085574","ARTURO MERINO BENITEZ INTERNATIONAL, CI","2017-03-28","0.00","65","83","50"
"CIM00085574","ARTURO MERINO BENITEZ INTERNATIONAL, CI","2017-03-29","0.00","63","82","53"
"CIM00085574","ARTURO MERINO BENITEZ INTERNATIONAL, CI","2017-03-30","0.00","62",,"46"
"CIM00085574","ARTURO MERINO BENITEZ INTERNATIONAL, CI","2017-03-31","0.00","64",,"48"
"CIM00085574","ARTURO MERINO BENITEZ INTERNATIONAL, CI","2017-04-01","0.00","61","79","50"
"CIM00085574","ARTURO MERINO BENITEZ INTERNATIONAL, CI","2017-04-02","0.00","60",,"46"
"CIM00085574","ARTURO MERINO BENITEZ INTERNATIONAL, CI","2017-04-03","0.00","64",,"48"
"CIM00085574","ARTURO MERINO BENITEZ INTERNATIONAL, CI","2017-04-04","0.00","64","79","51"
"CIM00085574","ARTURO MERINO BENITEZ INTERNATIONAL, CI","2017-04-05","0.00","63",,"47"
"CIM00085574","ARTURO MERINO BENITEZ INTERNATIONAL, CI","2017-04-06","0.00","65","82","49"
"CIM00085574","ARTURO MERINO BENITEZ INTERNATIONAL, CI","2017-04-07","0.00","59","81","53"
"CIM00085574","ARTURO MERINO BENITEZ INTERNATIONAL, CI","2017-04-08","0.00","56",,"46"
"CIM00085574","ARTURO MERINO BENITEZ INTERNATIONAL, CI","2017-04-09","0.00","56",,"40"
"CIM00085574","ARTURO MERINO BENITEZ INTERNATIONAL, CI","2017-04-10","0.00","60",,"41"
"CIM00085574","ARTURO MERINO BENITEZ INTERNATIONAL, CI","2017-04-11","0.00","66",,"45"
"CIM00085574","ARTURO MERINO BENITEZ INTERNATIONAL, CI","2017-04-12","0.00","64","89","48"
"CIM00085574","ARTURO MERINO BENITEZ INTERNATIONAL, CI","2017-04-13","0.00","61","80","49"
"CIM00085574","ARTURO MERINO BENITEZ INTERNATIONAL, CI","2017-04-14","0.00","60","75","45"
"CIM00085574","ARTURO MERINO BENITEZ INTERNATIONAL, CI","2017-04-15","0.00","62","73","50"
"CIM00085574","ARTURO MERINO BENITEZ INTERNATIONAL, CI","2017-04-16","0.00","64","72",
"CIM00085574","ARTURO MERINO BENITEZ INTERNATIONAL, CI","2017-04-17","0.00","60",,"48"
"CIM00085574","ARTURO MERINO BENITEZ INTERNATIONAL, CI","2017-04-18","0.00","62","74","55"
"CIM00085574","ARTURO MERINO BENITEZ INTERNATIONAL, CI","2017-04-19","0.00","61","75","53"
"CIM00085574","ARTURO MERINO BENITEZ INTERNATIONAL, CI","2017-04-20","0.06","60","72","57"
"CIM00085574","ARTURO MERINO BENITEZ INTERNATIONAL, CI","2017-04-21","0.02","63",,"58"
"CIM00085574","ARTURO MERINO BENITEZ INTERNATIONAL, CI","2017-04-22","0.00","65",,"55"
"CIM00085574","ARTURO MERINO BENITEZ INTERNATIONAL, CI","2017-04-23","0.00","61","77","46"
"CIM00085574","ARTURO MERINO BENITEZ INTERNATIONAL, CI","2017-04-24","0.00","55","73","43"
"CIM00085574","ARTURO MERINO BENITEZ INTERNATIONAL, CI","2017-04-25","0.12","54",,
"CIM00085574","ARTURO MERINO BENITEZ INTERNATIONAL, CI","2017-04-26","0.00","54",,"38"
"CIM00085574","ARTURO MERINO BENITEZ INTERNATIONAL, CI","2017-04-27","0.00","56",,"36"
"CIM00085574","ARTURO MERINO BENITEZ INTERNATIONAL, CI","2017-04-28","0.00","59",,"39"
"CIM00085574","ARTURO MERINO BENITEZ INTERNATIONAL, CI","2017-04-29","0.00","62",,"41"
"CIM00085574","ARTURO MERINO BENITEZ INTERNATIONAL, CI","2017-04-30","0.00","61","84","42"
"CIM00085574","ARTURO MERINO BENITEZ INTERNATIONAL, CI","2017-05-01","0.00","55","84","42"
"CIM00085574","ARTURO MERINO BENITEZ INTERNATIONAL, CI","2017-05-02","0.00","54","69","44"
"CIM00085574","ARTURO MERINO BENITEZ INTERNATIONAL, CI","2017-05-03","0.00","56",,"37"
"CIM00085574","ARTURO MERINO BENITEZ INTERNATIONAL, CI","2017-05-04","0.00","58",,"41"
"CIM00085574","ARTURO MERINO BENITEZ INTERNATIONAL, CI","2017-05-05","0.00","55","80","40"
"CIM00085574","ARTURO MERINO BENITEZ INTERNATIONAL, CI","2017-05-06","0.00","53","71","44"
"CIM00085574","ARTURO MERINO BENITEZ INTERNATIONAL, CI","2017-05-07","0.00","53",,"45"
"CIM00085574","ARTURO MERINO BENITEZ INTERNATIONAL, CI","2017-05-08","0.39","57",,
"CIM00085574","ARTURO MERINO BENITEZ INTERNATIONAL, CI","2017-05-09","0.00","58",,
"CIM00085574","ARTURO MERINO BENITEZ INTERNATIONAL, CI","2017-05-10","0.00","55","67","49"
"CIM00085574","ARTURO MERINO BENITEZ INTERNATIONAL, CI","2017-05-11","0.25","55","61",
"CIM00085574","ARTURO MERINO BENITEZ INTERNATIONAL, CI","2017-05-12","0.48","56",,"50"
"CIM00085574","ARTURO MERINO BENITEZ INTERNATIONAL, CI","2017-05-13","0.00","59",,"52"
"CIM00085574","ARTURO MERINO BENITEZ INTERNATIONAL, CI","2017-05-14","0.00","55","70",
"CIM00085574","ARTURO MERINO BENITEZ INTERNATIONAL, CI","2017-05-15","0.00","51",,
"CIM00085574","ARTURO MERINO BENITEZ INTERNATIONAL, CI","2017-05-16","0.00","52","66",
"CIM00085574","ARTURO MERINO BENITEZ INTERNATIONAL, CI","2017-05-17","0.00","53",,"47"
"CIM00085574","ARTURO MERINO BENITEZ INTERNATIONAL, CI","2017-05-18","0.27","49","58","44"
"CIM00085574","ARTURO MERINO BENITEZ INTERNATIONAL, CI","2017-05-19","0.12","45",,"33"
"CIM00085574","ARTURO MERINO BENITEZ INTERNATIONAL, CI","2017-05-20","0.00","47",,"33"
"CIM00085574","ARTURO MERINO BENITEZ INTERNATIONAL, CI","2017-05-21","0.00","49","63","36"
"CIM00085574","ARTURO MERINO BENITEZ INTERNATIONAL, CI","2017-05-22","0.00","49","63","42"
"CIM00085574","ARTURO MERINO BENITEZ INTERNATIONAL, CI","2017-05-23","0.00","49","57","43"
"CIM00085574","ARTURO MERINO BENITEZ INTERNATIONAL, CI","2017-05-24","0.00","48",,
"CIM00085574","ARTURO MERINO BENITEZ INTERNATIONAL, CI","2017-05-25","0.24","50","57","48"
"CIM00085574","ARTURO MERINO BENITEZ INTERNATIONAL, CI","2017-05-26","0.08","50",,
"CIM00085574","ARTURO MERINO BENITEZ INTERNATIONAL, CI","2017-05-27","0.00","51","65",
"CIM00085574","ARTURO MERINO BENITEZ INTERNATIONAL, CI","2017-05-28","0.00","49","65","38"
"CIM00085574","ARTURO MERINO BENITEZ INTERNATIONAL, CI","2017-05-29","0.00","51",,"44"
"CIM00085574","ARTURO MERINO BENITEZ INTERNATIONAL, CI","2017-05-30","0.00","48",,"35"
"CIM00085574","ARTURO MERINO BENITEZ INTERNATIONAL, CI","2017-05-31","0.00","50",,"35"
"CIM00085574","ARTURO MERINO BENITEZ INTERNATIONAL, CI","2017-06-01","0.00","50","68","36"
"CIM00085574","ARTURO MERINO BENITEZ INTERNATIONAL, CI","2017-06-02","0.00","47","64","37"
"CIM00085574","ARTURO MERINO BENITEZ INTERNATIONAL, CI","2017-06-03","0.00","49",,"37"
"CIM00085574","ARTURO MERINO BENITEZ INTERNATIONAL, CI","2017-06-04","0.00","45","58","33"
"CIM00085574","ARTURO MERINO BENITEZ INTERNATIONAL, CI","2017-06-05","0.00","44","58","34"
"CIM00085574","ARTURO MERINO BENITEZ INTERNATIONAL, CI","2017-06-06","0.00","42",,"27"
"CIM00085574","ARTURO MERINO BENITEZ INTERNATIONAL, CI","2017-06-07","0.00","40","62","28"
"CIM00085574","ARTURO MERINO BENITEZ INTERNATIONAL, CI","2017-06-08","0.11","47",,"41"
"CIM00085574","ARTURO MERINO BENITEZ INTERNATIONAL, CI","2017-06-09","0.01","45",,"33"
"CIM00085574","ARTURO MERINO BENITEZ INTERNATIONAL, CI","2017-06-10","0.00","47",,"32"
"CIM00085574","ARTURO MERINO BENITEZ INTERNATIONAL, CI","2017-06-11","0.00","47","67","32"
"CIM00085574","ARTURO MERINO BENITEZ INTERNATIONAL, CI","2017-06-12","0.00","48","66","33"
"CIM00085574","ARTURO MERINO BENITEZ INTERNATIONAL, CI","2017-06-13","0.00","46","66","39"
"CIM00085574","ARTURO MERINO BENITEZ INTERNATIONAL, CI","2017-06-14","0.00","44","54","35"
"CIM00085574","ARTURO MERINO BENITEZ INTERNATIONAL, CI","2017-06-15","0.00","43",,"33"
"CIM00085574","ARTURO MERINO BENITEZ INTERNATIONAL, CI","2017-06-16","0.24","51",,"39"
"CIM00085574","ARTURO MERINO BENITEZ INTERNATIONAL, CI","2017-06-17","0.82","48","63","45"
"CIM00085574","ARTURO MERINO BENITEZ INTERNATIONAL, CI","2017-06-18","0.11","41",,"31"
"CIM00085574","ARTURO MERINO BENITEZ INTERNATIONAL, CI","2017-06-19","0.00","38","53","27"
"CIM00085574","ARTURO MERINO BENITEZ INTERNATIONAL, CI","2017-06-20","0.00","46",,"40"
"CIM00085574","ARTURO MERINO BENITEZ INTERNATIONAL, CI","2017-06-21","0.00","46",,"40"
"CIM00085574","ARTURO MERINO BENITEZ INTERNATIONAL, CI","2017-06-22","0.00","50","56","46"
"CIM00085574","ARTURO MERINO BENITEZ INTERNATIONAL, CI","2017-06-23","0.06","53",,
"CIM00085574","ARTURO MERINO BENITEZ INTERNATIONAL, CI","2017-06-24","0.00","51","58","46"
"CIM00085574","ARTURO MERINO BENITEZ INTERNATIONAL, CI","2017-06-25","0.00","51",,"44"
"CIM00085574","ARTURO MERINO BENITEZ INTERNATIONAL, CI","2017-06-26","0.01","52","62","46"
"CIM00085574","ARTURO MERINO BENITEZ INTERNATIONAL, CI","2017-06-27","0.30","51",,
"CIM00085574","ARTURO MERINO BENITEZ INTERNATIONAL, CI","2017-06-28","0.00","48",,"35"
"CIM00085574","ARTURO MERINO BENITEZ INTERNATIONAL, CI","2017-06-29","0.00","48","63","35"
"CIM00085574","ARTURO MERINO BENITEZ INTERNATIONAL, CI","2017-06-30",,"52",,
"CIM00085574","ARTURO MERINO BENITEZ INTERNATIONAL, CI","2017-07-01","0.00","52",,"36"
"CIM00085574","ARTURO MERINO BENITEZ INTERNATIONAL, CI","2017-07-02","0.00","49","75","36"
"CIM00085574","ARTURO MERINO BENITEZ INTERNATIONAL, CI","2017-07-03","0.00","48","62",
"CIM00085574","ARTURO MERINO BENITEZ INTERNATIONAL, CI","2017-07-04","0.02","46","50","38"
"CIM00085574","ARTURO MERINO BENITEZ INTERNATIONAL, CI","2017-07-05","0.19","39","53","31"
"CIM00085574","ARTURO MERINO BENITEZ INTERNATIONAL, CI","2017-07-06","0.00","45",,"35"
"CIM00085574","ARTURO MERINO BENITEZ INTERNATIONAL, CI","2017-07-07","0.00","52",,"42"
"CIM00085574","ARTURO MERINO BENITEZ INTERNATIONAL, CI","2017-07-08","0.00","50","67","40"
"CIM00085574","ARTURO MERINO BENITEZ INTERNATIONAL, CI","2017-07-09","0.00","49","60",
"CIM00085574","ARTURO MERINO BENITEZ INTERNATIONAL, CI","2017-07-10","0.00","47","60","37"
"CIM00085574","ARTURO MERINO BENITEZ INTERNATIONAL, CI","2017-07-11","0.00","47",,
"CIM00085574","ARTURO MERINO BENITEZ INTERNATIONAL, CI","2017-07-12","0.00","50","68",
"CIM00085574","ARTURO MERINO BENITEZ INTERNATIONAL, CI","2017-07-13","0.03","48","57","41"
"CIM00085574","ARTURO MERINO BENITEZ INTERNATIONAL, CI","2017-07-14","0.03","49","58","41"
"CIM00085574","ARTURO MERINO BENITEZ INTERNATIONAL, CI","2017-07-15","0.38","41","57",
"CIM00085574","ARTURO MERINO BENITEZ INTERNATIONAL, CI","2017-07-16","0.06","40",,"31"
"CIM00085574","ARTURO MERINO BENITEZ INTERNATIONAL, CI","2017-07-17","0.00","40",,"25"
"CIM00085574","ARTURO MERINO BENITEZ INTERNATIONAL, CI","2017-07-18",,"50",,
"CIM00085574","ARTURO MERINO BENITEZ INTERNATIONAL, CI","2017-07-19","0.00","51",,"35"
"CIM00085574","ARTURO MERINO BENITEZ INTERNATIONAL, CI","2017-07-20","0.00","50","73","34"
"CIM00085574","ARTURO MERINO BENITEZ INTERNATIONAL, CI","2017-07-21","0.00","51","71","36"
"CIM00085574","ARTURO MERINO BENITEZ INTERNATIONAL, CI","2017-07-22","0.00","49","69","44"
"CIM00085574","ARTURO MERINO BENITEZ INTERNATIONAL, CI","2017-07-23","0.01","49",,"42"
"CIM00085574","ARTURO MERINO BENITEZ INTERNATIONAL, CI","2017-07-24","0.00","49",,"43"
"CIM00085574","ARTURO MERINO BENITEZ INTERNATIONAL, CI","2017-07-25","0.00","44",,"33"
"CIM00085574","ARTURO MERINO BENITEZ INTERNATIONAL, CI","2017-07-26","0.00","47",,"30"
"CIM00085574","ARTURO MERINO BENITEZ INTERNATIONAL, CI","2017-07-27","0.00","49","70","34"
"CIM00085574","ARTURO MERINO BENITEZ INTERNATIONAL, CI","2017-07-28","0.00","47","63","35"
"CIM00085574","ARTURO MERINO BENITEZ INTERNATIONAL, CI","2017-07-29","0.00","46","60","34"
"CIM00085574","ARTURO MERINO BENITEZ INTERNATIONAL, CI","2017-07-30","0.00","48",,"34"
"CIM00085574","ARTURO MERINO BENITEZ INTERNATIONAL, CI","2017-07-31","0.00","49","63","39"
"CIM00085574","ARTURO MERINO BENITEZ INTERNATIONAL, CI","2017-08-01","0.00","46","62","40"
"CIM00085574","ARTURO MERINO BENITEZ INTERNATIONAL, CI","2017-08-02","0.00","49",,"36"
"CIM00085574","ARTURO MERINO BENITEZ INTERNATIONAL, CI","2017-08-03","0.00","49",,"32"
"CIM00085574","ARTURO MERINO BENITEZ INTERNATIONAL, CI","2017-08-04","0.00","47","68",
"CIM00085574","ARTURO MERINO BENITEZ INTERNATIONAL, CI","2017-08-05","0.00","48","55","43"
"CIM00085574","ARTURO MERINO BENITEZ INTERNATIONAL, CI","2017-08-06","0.00","49",,"41"
"CIM00085574","ARTURO MERINO BENITEZ INTERNATIONAL, CI","2017-08-07","0.00","49","61","43"
"CIM00085574","ARTURO MERINO BENITEZ INTERNATIONAL, CI","2017-08-08","0.00","52",,"37"
"CIM00085574","ARTURO MERINO BENITEZ INTERNATIONAL, CI","2017-08-09","0.00","51","70","44"
"CIM00085574","ARTURO MERINO BENITEZ INTERNATIONAL, CI","2017-08-10","0.22","49","56","45"
"CIM00085574","ARTURO MERINO BENITEZ INTERNATIONAL, CI","2017-08-11","0.20","46","54","44"
"CIM00085574","ARTURO MERINO BENITEZ INTERNATIONAL, CI","2017-08-12","0.24","43",,"33"
"CIM00085574","ARTURO MERINO BENITEZ INTERNATIONAL, CI","2017-08-13","0.00","46","54","40"
"CIM00085574","ARTURO MERINO BENITEZ INTERNATIONAL, CI","2017-08-14","0.00","48",,
"CIM00085574","ARTURO MERINO BENITEZ INTERNATIONAL, CI","2017-08-15","0.00","48","64","38"
"CIM00085574","ARTURO MERINO BENITEZ INTERNATIONAL, CI","2017-08-16","0.00","50",,"36"
"CIM00085574","ARTURO MERINO BENITEZ INTERNATIONAL, CI","2017-08-17","0.00","52",,
"CIM00085574","ARTURO MERINO BENITEZ INTERNATIONAL, CI","2017-08-18","0.00","48","72","41"
"CIM00085574","ARTURO MERINO BENITEZ INTERNATIONAL, CI","2017-08-19","0.43","49",,"38"
"CIM00085574","ARTURO MERINO BENITEZ INTERNATIONAL, CI","2017-08-20","0.00","47",,
"CIM00085574","ARTURO MERINO BENITEZ INTERNATIONAL, CI","2017-08-21","0.00","52",,"34"
"CIM00085574","ARTURO MERINO BENITEZ INTERNATIONAL, CI","2017-08-22","0.00","50","77","41"
"CIM00085574","ARTURO MERINO BENITEZ INTERNATIONAL, CI","2017-08-23","0.00","50",,"43"
"CIM00085574","ARTURO MERINO BENITEZ INTERNATIONAL, CI","2017-08-24","0.00","51","61",
"CIM00085574","ARTURO MERINO BENITEZ INTERNATIONAL, CI","2017-08-25","0.00","49",,"39"
"CIM00085574","ARTURO MERINO BENITEZ INTERNATIONAL, CI","2017-08-26","0.00","48","61","36"
"CIM00085574","ARTURO MERINO BENITEZ INTERNATIONAL, CI","2017-08-27","0.00","49",,"38"
"CIM00085574","ARTURO MERINO BENITEZ INTERNATIONAL, CI","2017-08-28","0.00","48","61","39"
"CIM00085574","ARTURO MERINO BENITEZ INTERNATIONAL, CI","2017-08-29","0.26","48","59","40"
"CIM00085574","ARTURO MERINO BENITEZ INTERNATIONAL, CI","2017-08-30","0.00","49",,"32"
"CIM00085574","ARTURO MERINO BENITEZ INTERNATIONAL, CI","2017-08-31","0.00","53",,"35"
"CIM00085574","ARTURO MERINO BENITEZ INTERNATIONAL, CI","2017-09-01","0.00","51","71","43"
"CIM00085574","ARTURO MERINO BENITEZ INTERNATIONAL, CI","2017-09-02","0.00","52",,"43"
"CIM00085574","ARTURO MERINO BENITEZ INTERNATIONAL, CI","2017-09-03","0.00","52","65",
"CIM00085574","ARTURO MERINO BENITEZ INTERNATIONAL, CI","2017-09-04","0.00","49",,"35"
"CIM00085574","ARTURO MERINO BENITEZ INTERNATIONAL, CI","2017-09-05","0.00","49","65","37"
"CIM00085574","ARTURO MERINO BENITEZ INTERNATIONAL, CI","2017-09-06","0.00","49","64","35"
"CIM00085574","ARTURO MERINO BENITEZ INTERNATIONAL, CI","2017-09-07","0.00","50",,"35"
"CIM00085574","ARTURO MERINO BENITEZ INTERNATIONAL, CI","2017-09-08","0.00","48","66",
"CIM00085574","ARTURO MERINO BENITEZ INTERNATIONAL, CI","2017-09-09",,"49",,
"CIM00085574","ARTURO MERINO BENITEZ INTERNATIONAL, CI","2017-09-10",,"48",,
"CIM00085574","ARTURO MERINO BENITEZ INTERNATIONAL, CI","2017-09-11","0.17","43","54","33"
"CIM00085574","ARTURO MERINO BENITEZ INTERNATIONAL, CI","2017-09-12","0.00","49",,"39"
"CIM00085574","ARTURO MERINO BENITEZ INTERNATIONAL, CI","2017-09-13","0.00","54",,
"CIM00085574","ARTURO MERINO BENITEZ INTERNATIONAL, CI","2017-09-14","0.00","51","63","43"
"CIM00085574","ARTURO MERINO BENITEZ INTERNATIONAL, CI","2017-09-15","0.00","53",,"37"
"CIM00085574","ARTURO MERINO BENITEZ INTERNATIONAL, CI","2017-09-16","0.00","59",,"36"
"CIM00085574","ARTURO MERINO BENITEZ INTERNATIONAL, CI","2017-09-17","0.00","60","87","43"
"CIM00085574","ARTURO MERINO BENITEZ INTERNATIONAL, CI","2017-09-18","0.00","53","77","44"
"CIM00085574","ARTURO MERINO BENITEZ INTERNATIONAL, CI","2017-09-19","0.00","53","63","49"
"CIM00085574","ARTURO MERINO BENITEZ INTERNATIONAL, CI","2017-09-20","0.00","54",,"48"
"CIM00085574","ARTURO MERINO BENITEZ INTERNATIONAL, CI","2017-09-21","0.00","55",,
"CIM00085574","ARTURO MERINO BENITEZ INTERNATIONAL, CI","2017-09-22","0.00","59",,
"CIM00085574","ARTURO MERINO BENITEZ INTERNATIONAL, CI","2017-09-23","0.00","62",,"45"
"CIM00085574","ARTURO MERINO BENITEZ INTERNATIONAL, CI","2017-09-24","0.00","58","83","48"
"CIM00085574","ARTURO MERINO BENITEZ INTERNATIONAL, CI","2017-09-25","0.00","59",,"43"
"CIM00085574","ARTURO MERINO BENITEZ INTERNATIONAL, CI","2017-09-26","0.00","59","76","44"
"CIM00085574","ARTURO MERINO BENITEZ INTERNATIONAL, CI","2017-09-27","0.00","60",,
"CIM00085574","ARTURO MERINO BENITEZ INTERNATIONAL, CI","2017-09-28","0.00","59","75","49"
"CIM00085574","ARTURO MERINO BENITEZ INTERNATIONAL, CI","2017-09-29","0.00","60",,"53"
"CIM00085574","ARTURO MERINO BENITEZ INTERNATIONAL, CI","2017-09-30","0.00","53","74",
"CIM00085574","ARTURO MERINO BENITEZ INTERNATIONAL, CI","2017-10-01","0.46","53",,"47"
"CIM00085574","ARTURO MERINO BENITEZ INTERNATIONAL, CI","2017-10-02","0.00","52",,"37"
"CIM00085574","ARTURO MERINO BENITEZ INTERNATIONAL, CI","2017-10-03","0.00","60",,"44"
"CIM00085574","ARTURO MERINO BENITEZ INTERNATIONAL, CI","2017-10-04","0.00","56","81","48"
"CIM00085574","ARTURO MERINO BENITEZ INTERNATIONAL, CI","2017-10-05","0.71","53","65","43"
"CIM00085574","ARTURO MERINO BENITEZ INTERNATIONAL, CI","2017-10-06","0.00","59",,"43"
"CIM00085574","ARTURO MERINO BENITEZ INTERNATIONAL, CI","2017-10-07","0.00","57","78","48"
"CIM00085574","ARTURO MERINO BENITEZ INTERNATIONAL, CI","2017-10-08","0.00","55",,"48"
"CIM00085574","ARTURO MERINO BENITEZ INTERNATIONAL, CI","2017-10-09","0.00","56",,"42"
"CIM00085574","ARTURO MERINO BENITEZ INTERNATIONAL, CI","2017-10-10","0.00","56","70","47"
"CIM00085574","ARTURO MERINO BENITEZ INTERNATIONAL, CI","2017-10-11","0.00","51","65","40"
"CIM00085574","ARTURO MERINO BENITEZ INTERNATIONAL, CI","2017-10-12","0.00","53",,"44"
"CIM00085574","ARTURO MERINO BENITEZ INTERNATIONAL, CI","2017-10-13","0.00","56",,
"CIM00085574","ARTURO MERINO BENITEZ INTERNATIONAL, CI","2017-10-14","0.00","63",,"42"
"CIM00085574","ARTURO MERINO BENITEZ INTERNATIONAL, CI","2017-10-15","0.00","63","84","46"
"CIM00085574","ARTURO MERINO BENITEZ INTERNATIONAL, CI","2017-10-16","0.00","57","78",
"CIM00085574","ARTURO MERINO BENITEZ INTERNATIONAL, CI","2017-10-17","0.00","57",,"43"
"CIM00085574","ARTURO MERINO BENITEZ INTERNATIONAL, CI","2017-10-18","0.00","59","73","51"
"CIM00085574","ARTURO MERINO BENITEZ INTERNATIONAL, CI","2017-10-19","0.00","63",,"45"
"CIM00085574","ARTURO MERINO BENITEZ INTERNATIONAL, CI","2017-10-20","0.00","60","83",
"CIM00085574","ARTURO MERINO BENITEZ INTERNATIONAL, CI","2017-10-21","0.00","60",,"43"
"CIM00085574","ARTURO MERINO BENITEZ INTERNATIONAL, CI","2017-10-22","0.00","66","83","47"
"CIM00085574","ARTURO MERINO BENITEZ INTERNATIONAL, CI","2017-10-23","0.00","68","83","55"
"CIM00085574","ARTURO MERINO BENITEZ INTERNATIONAL, CI","2017-10-24","0.00","64","81","48"
"CIM00085574","ARTURO MERINO BENITEZ INTERNATIONAL, CI","2017-10-25","0.00","63",,"50"
"CIM00085574","ARTURO MERINO BENITEZ INTERNATIONAL, CI","2017-10-26","0.00","61","79","49"
"CIM00085574","ARTURO MERINO BENITEZ INTERNATIONAL, CI","2017-10-27","0.00","62",,"47"
"CIM00085574","ARTURO MERINO BENITEZ INTERNATIONAL, CI","2017-10-28","0.00","56","78","47"
"CIM00085574","ARTURO MERINO BENITEZ INTERNATIONAL, CI","2017-10-29","0.00","54","68","49"
"CIM00085574","ARTURO MERINO BENITEZ INTERNATIONAL, CI","2017-10-30","0.00","56",,"38"
"CIM00085574","ARTURO MERINO BENITEZ INTERNATIONAL, CI","2017-10-31","0.00","57","75","42"
"CIM00085574","ARTURO MERINO BENITEZ INTERNATIONAL, CI","2017-11-01","0.00","55","73",
"CIM00085574","ARTURO MERINO BENITEZ INTERNATIONAL, CI","2017-11-02","0.00","56",,
"CIM00085574","ARTURO MERINO BENITEZ INTERNATIONAL, CI","2017-11-03","0.00","58",,"49"
"CIM00085574","ARTURO MERINO BENITEZ INTERNATIONAL, CI","2017-11-04","0.00","60","77","51"
"CIM00085574","ARTURO MERINO BENITEZ INTERNATIONAL, CI","2017-11-05","0.00","65",,"51"
"CIM00085574","ARTURO MERINO BENITEZ INTERNATIONAL, CI","2017-11-06","0.00","65","82","53"
"CIM00085574","ARTURO MERINO BENITEZ INTERNATIONAL, CI","2017-11-07","0.00","64","76",
"CIM00085574","ARTURO MERINO BENITEZ INTERNATIONAL, CI","2017-11-08","0.00","67",,
"CIM00085574","ARTURO MERINO BENITEZ INTERNATIONAL, CI","2017-11-09","0.00","68",,
"CIM00085574","ARTURO MERINO BENITEZ INTERNATIONAL, CI","2017-11-10","0.00","70",,"52"
"CIM00085574","ARTURO MERINO BENITEZ INTERNATIONAL, CI","2017-11-11","0.00","73","91",
"CIM00085574","ARTURO MERINO BENITEZ INTERNATIONAL, CI","2017-11-12","0.00","71","92","54"
"CIM00085574","ARTURO MERINO BENITEZ INTERNATIONAL, CI","2017-11-13","0.00","64","86",
"CIM00085574","ARTURO MERINO BENITEZ INTERNATIONAL, CI","2017-11-14","0.00","67","84","53"
"CIM00085574","ARTURO MERINO BENITEZ INTERNATIONAL, CI","2017-11-15","0.00","62","83","54"
"CIM00085574","ARTURO MERINO BENITEZ INTERNATIONAL, CI","2017-11-16","0.00","65",,"47"
"CIM00085574","ARTURO MERINO BENITEZ INTERNATIONAL, CI","2017-11-17","0.00","65","81","49"
"CIM00085574","ARTURO MERINO BENITEZ INTERNATIONAL, CI","2017-11-18","0.00","63","81","51"
"CIM00085574","ARTURO MERINO BENITEZ INTERNATIONAL, CI","2017-11-19","0.00","68",,"49"
"CIM00085574","ARTURO MERINO BENITEZ INTERNATIONAL, CI","2017-11-20","0.00","65","87","53"
"CIM00085574","ARTURO MERINO BENITEZ INTERNATIONAL, CI","2017-11-21","0.00","65",,"47"
"CIM00085574","ARTURO MERINO BENITEZ INTERNATIONAL, CI","2017-11-22","0.00","72",,"53"
"CIM00085574","ARTURO MERINO BENITEZ INTERNATIONAL, CI","2017-11-23","0.00","72","90","56"
"CIM00085574","ARTURO MERINO BENITEZ INTERNATIONAL, CI","2017-11-24","0.00","63","87","48"
"CIM00085574","ARTURO MERINO BENITEZ INTERNATIONAL, CI","2017-11-25","0.00","67",,"49"
"CIM00085574","ARTURO MERINO BENITEZ INTERNATIONAL, CI","2017-11-26","0.00","72","89","53"
"CIM00085574","ARTURO MERINO BENITEZ INTERNATIONAL, CI","2017-11-27","0.00","67","85","51"
"CIM00085574","ARTURO MERINO BENITEZ INTERNATIONAL, CI","2017-11-28","0.00","62","85","51"
"CIM00085574","ARTURO MERINO BENITEZ INTERNATIONAL, CI","2017-11-29","0.00","62","77","53"
"CIM00085574","ARTURO MERINO BENITEZ INTERNATIONAL, CI","2017-11-30","0.00","68",,"53"
"CIM00085574","ARTURO MERINO BENITEZ INTERNATIONAL, CI","2017-12-01","0.00","67","84","53"
"CIM00085574","ARTURO MERINO BENITEZ INTERNATIONAL, CI","2017-12-02","0.00","61","80","52"
"CIM00085574","ARTURO MERINO BENITEZ INTERNATIONAL, CI","2017-12-03","0.00","65",,
"CIM00085574","ARTURO MERINO BENITEZ INTERNATIONAL, CI","2017-12-04","0.00","67",,"53"
"CIM00085574","ARTURO MERINO BENITEZ INTERNATIONAL, CI","2017-12-05","0.00","65","83",
"CIM00085574","ARTURO MERINO BENITEZ INTERNATIONAL, CI","2017-12-06","0.00","65",,
"CIM00085574","ARTURO MERINO BENITEZ INTERNATIONAL, CI","2017-12-07","0.00","67",,
"CIM00085574","ARTURO MERINO BENITEZ INTERNATIONAL, CI","2017-12-08","0.00","65","87","53"
"CIM00085574","ARTURO MERINO BENITEZ INTERNATIONAL, CI","2017-12-09","0.00","70",,"51"
"CIM00085574","ARTURO MERINO BENITEZ INTERNATIONAL, CI","2017-12-10","0.00","75",,"57"
"CIM00085574","ARTURO MERINO BENITEZ INTERNATIONAL, CI","2017-12-11","0.00","66","95","55"
"CIM00085574","ARTURO MERINO BENITEZ INTERNATIONAL, CI","2017-12-12","0.00","63","81","55"
"CIM00085574","ARTURO MERINO BENITEZ INTERNATIONAL, CI","2017-12-13","0.00","67",,
"CIM00085574","ARTURO MERINO BENITEZ INTERNATIONAL, CI","2017-12-14","0.00","72",,"53"
"CIM00085574","ARTURO MERINO BENITEZ INTERNATIONAL, CI","2017-12-15","0.00","78",,"59"
"CIM00085574","ARTURO MERINO BENITEZ INTERNATIONAL, CI","2017-12-16","0.00","70","96","56"
"CIM00085574","ARTURO MERINO BENITEZ INTERNATIONAL, CI","2017-12-17","0.00","71",,"53"
"CIM00085574","ARTURO MERINO BENITEZ INTERNATIONAL, CI","2017-12-18","0.00","72","91","57"
"CIM00085574","ARTURO MERINO BENITEZ INTERNATIONAL, CI","2017-12-19","0.00","75",,"54"
"CIM00085574","ARTURO MERINO BENITEZ INTERNATIONAL, CI","2017-12-20",,"74",,
"CIM00085574","ARTURO MERINO BENITEZ INTERNATIONAL, CI","2017-12-21",,"74",,
"CIM00085574","ARTURO MERINO BENITEZ INTERNATIONAL, CI","2017-12-22",,"73",,
"CIM00085574","ARTURO MERINO BENITEZ INTERNATIONAL, CI","2017-12-23",,"73",,
"CIM00085574","ARTURO MERINO BENITEZ INTERNATIONAL, CI","2017-12-24",,"73",,
"CIM00085574","ARTURO MERINO BENITEZ INTERNATIONAL, CI","2017-12-25",,"74",,
"CIM00085574","ARTURO MERINO BENITEZ INTERNATIONAL, CI","2017-12-26",,"71",,
"CIM00085574","ARTURO MERINO BENITEZ INTERNATIONAL, CI","2017-12-27",,"74",,
"CIM00085574","ARTURO MERINO BENITEZ INTERNATIONAL, CI","2017-12-28","0.00","76",,"58"
"CIM00085574","ARTURO MERINO BENITEZ INTERNATIONAL, CI","2017-12-29","0.00","76","92","56"
"CIM00085574","ARTURO MERINO BENITEZ INTERNATIONAL, CI","2017-12-30","0.00","74","91",
"CIM00085574","ARTURO MERINO BENITEZ INTERNATIONAL, CI","2017-12-31","0.00","71","89","60"
